operation,small_p50_ms,small_p95_ms,small_max_ms,working_p50_ms,working_p95_ms,working_max_ms,p50_growth,p95_growth,p50_delta_ms,candidate
login,62.132903999999996,66.24076314999999,74.588752,59.5317375,62.978182,68.599485,0.9581354430174389,0.9507466249654765,-2.601166499999998,False
logout,5.32375,6.2004209999999995,6.471601,5.436049,7.133058449999998,8.387898,1.0210939657196523,1.150415181485257,0.11229899999999926,False
services,5.839700499999999,6.626449999999999,7.050101,5.155548,6.938178549999999,7.833998,0.8828445910881902,1.0470430698186812,-0.6841524999999997,False
specialists,5.80865,6.82751555,8.0057,7.898548,9.302437999999999,9.948798,1.3597906570373495,1.3624923930052417,2.089898,False
free_slots,10.869701,12.400674999999998,13.634201,398.444246,475.66696219999983,524.489029,36.656412720092305,38.35815084259526,387.574545,True
appointments_list,11.4101505,14.70983554999999,36.191102,202.2074345,292.35501099999993,312.163254,17.72171493268209,19.874798056460946,190.797284,True
appointment_detail,6.808401,7.965901,8.725001,8.668101,13.536797449999998,14.587203,1.2731478360337471,1.6993429180201962,1.8597000000000001,False
appointment_create,17.132601,18.586031,18.759301,39.953756999999996,55.86075954999998,83.063814,2.332031020859004,3.0055238555235375,22.821155999999995,True
appointment_cancel,16.737351,18.403035999999997,19.517001,17.939053,23.683293999999997,24.834304,1.0717976219773369,1.286923201150071,1.201702000000001,False
summary,13.8852045,21.632771549999994,33.870202,2409.6635015,3323.6613103,3502.872617,173.54180858481416,153.6401058282336,2395.7782970000003,True
