operation,repeat,request_id,status_code,http_total_ms,response_bytes,db_total_ms,db_query_count,app_or_other_ms
free_slots,1,d0a8792df2224946998d51bd00e1e8d5,200,17.0637,4144,4.3886,4,12.6751
free_slots,2,4c248cdc768f437999716b4efc867679,200,15.342899,4144,3.440199,4,11.9027
free_slots,3,f49ba943315b49b6b36f3c7100a74cea,200,17.3361,4144,4.386,4,12.950099999999999
free_slots,4,db2aa82ae42443b6ad79a788cdf1f99f,200,16.8293,4144,4.8244,4,12.0049
free_slots,5,c1fc03f05eee44bebcad526f73898bd3,200,18.5617,4144,4.9639,4,13.5978
free_slots,6,17e5479701134efd99e83b52c7cd9bc9,200,16.1009,4144,4.8725,4,11.2284
free_slots,7,71a4f761bfec4b1b8876b39acb73abd0,200,16.126999,4144,4.2608,4,11.866199000000002
free_slots,8,178647a0e4f04e86b5d79d0651e38133,200,15.8736,4144,4.5498,4,11.323799999999999
free_slots,9,3e20136d1a524ff59bc12d9a7536892d,200,16.5231,4144,4.8991,4,11.623999999999999
free_slots,10,479f933357904d6283a4814c9b7fc6b2,200,15.3726,4144,4.3544,4,11.0182
free_slots,11,3f2b74c345a94797875de32f66b60ba3,200,17.5512,4144,5.2633,4,12.2879
free_slots,12,ed5b31ae5d474c6f8f8d1870f087db2a,200,24.875799,4144,5.5968,4,19.278999
free_slots,13,1155b68c60ba4163a52ebb14331c84d9,200,17.5004,4144,4.6953,4,12.8051
free_slots,14,4481f660d7c948a890a4b9908db8b48f,200,14.5058,4144,3.9494,4,10.5564
free_slots,15,223a0a52e3824dd4a0e8fce0e32a90ee,200,15.5094,4144,4.2489,4,11.2605
free_slots,16,c3bef1ed1832433a95d24bbc94e514d5,200,15.9649,4144,4.3177,4,11.6472
free_slots,17,007bfc5d85f64900bf7ce83ed7eb6c0b,200,19.637599,4144,5.3387,4,14.298899000000002
free_slots,18,8cbb31639c634f40bd9bfe97383e7c52,200,16.1175,4144,4.0021,4,12.1154
free_slots,19,002ced3a35a74565acce582e077e74c7,200,17.2548,4144,4.3771,4,12.877699999999999
free_slots,20,58ff50c16d3f4c03b770c0ec41885499,200,14.973,4144,3.8513,4,11.1217
free_slots,21,357970ffe3694c7290e40349370ff0fe,200,13.8559,4144,3.7212,4,10.1347
free_slots,22,fe363f8975d340cba96b853c6f06bf22,200,16.644899,4144,4.2889,4,12.355998999999999
free_slots,23,9a7becb9ee31474d97cea03521584d26,200,16.0586,4144,4.3323,4,11.726299999999998
free_slots,24,1f22ac1ccbe44a60a1c2b3c4eed4b207,200,16.5066,4144,4.6171,4,11.889499999999998
free_slots,25,c8d900ed7a5a42b192110267dc5b2c39,200,15.5721,4144,4.2245,4,11.3476
free_slots,26,e81074d2c6034369ba63af9bee7d20e6,200,15.8069,4144,5.7581,4,10.0488
free_slots,27,710c0f0e73e04bbb9b158196d3d3dcc1,200,15.224999,4144,4.302999,4,10.922
free_slots,28,91f11618f7e34f14906a6183b4c0dc5f,200,16.8225,4144,4.9197,4,11.902800000000003
free_slots,29,2488b52d8d254bf6ad8cf4a76770e0d3,200,17.2237,4144,5.7574,4,11.4663
free_slots,30,a35e378767a640cc92fb2c1cc46b301d,200,15.9905,4144,4.65,4,11.3405
appointments_list,1,d53a2e1e103643f194adfdefc4ea3995,200,13.3535,10729,3.6221,3,9.7314
appointments_list,2,2c2888b71b28441aabe645f17996fa3d,200,12.2551,10729,3.5266,3,8.7285
appointments_list,3,5e00d51222b54ef9bbcb31cdfe5d3030,200,14.1294,10729,3.5147,3,10.614700000000001
appointments_list,4,c48c69f3e33e4c1b8d7365598d239f3e,200,14.299899,10729,4.398499,3,9.901399999999999
appointments_list,5,05b73cdc4fc041c393b689041df65b52,200,14.4172,10729,4.3401,3,10.0771
appointments_list,6,76a00da1eb2949439e3c62836f898e57,200,14.7373,10729,5.6387,3,9.0986
appointments_list,7,94ddd5837b894147ab03b92b81a004d4,200,15.34,10729,3.7131,3,11.6269
appointments_list,8,fe5e64f4d5b84f95b50ff618a3fb0298,200,13.1975,10729,3.0729,3,10.1246
appointments_list,9,da24f641839b4e5c9b6b67faf5616763,200,12.4776,10729,3.3902,3,9.0874
appointments_list,10,82e95ae4f34140cfa3989a199af8a4b1,200,14.702599,10729,3.9671,3,10.735498999999999
appointments_list,11,b4f9f566fbb74170a6cea842465597e1,200,15.3398,10729,5.8208,3,9.519
appointments_list,12,ce9d5957297e4ca4a929b0d8adc175b6,200,14.4094,10729,4.7602,3,9.6492
appointments_list,13,baabecd65e8f409eb40811d6bfc9f6da,200,14.5844,10729,5.5912,3,8.993200000000002
appointments_list,14,9b1851b00d72497798adcacd01be59a1,200,14.8081,10729,3.9165,3,10.8916
appointments_list,15,de5e64c82e7e4946ad640c1b029a15c7,200,15.7952,10729,3.7116,3,12.0836
appointments_list,16,b9fb4c326caa44ba91de3a0535ab318e,200,13.450099,10729,3.5119,3,9.938199000000001
appointments_list,17,43bbc9db553f450490ffbbc9a7a2c072,200,12.8706,10729,3.5758,3,9.294799999999999
appointments_list,18,8421a03c517344d6812f4537640fc67a,200,14.3402,10729,3.9873,3,10.3529
appointments_list,19,cd8ebaa1c0f942dd958c772943a950a1,200,14.529,10729,4.4096,3,10.119399999999999
appointments_list,20,7dae537d6e63416286f490de3c08944d,200,14.1122,10729,5.5392,3,8.573
appointments_list,21,676e7f2c9b97463a92f574c37cf74ff7,200,14.2752,10729,3.7644,3,10.5108
appointments_list,22,4061d65f33474c0d915c44147c36ac75,200,13.177199,10729,3.1329,3,10.044299
appointments_list,23,e9411dd3f0454be0a1fccd8deb94c210,200,12.3826,10729,3.6631,3,8.7195
appointments_list,24,d3046cbb72c347859d7884c1c2421b7e,200,14.0296,10729,3.6004,3,10.4292
appointments_list,25,78199d3e7f7b4d38aac77dda826ff107,200,13.4672,10729,3.643,3,9.824200000000001
appointments_list,26,27c6ef0b88fb4953b421f1ca7de5be6f,200,13.6318,10729,4.5276,3,9.1042
appointments_list,27,968fe9bec63644368912205128bd8249,200,14.0455,10729,3.7279,3,10.3176
appointments_list,28,159de7e014cc4cb8ab8805dac3ea7a18,200,16.692099,10729,5.0091,3,11.682998999999999
appointments_list,29,e8f712841e3749969aaec4c67a65d226,200,12.188,10729,3.4142,3,8.773800000000001
appointments_list,30,40c1d43891844c2bbfccb4c919de3040,200,14.7532,10729,4.0783,3,10.674900000000001
appointment_create,1,572b6664aa454f73bbf8510bf497a92d,201,20.527799,573,5.7833,6,14.744499000000001
appointment_create,2,f01c78de2414402fa576c24cda1c6496,201,19.5338,573,5.3573,6,14.176499999999999
appointment_create,3,4c4f971ed48447cfaa73bfbaafdd66c6,201,22.4172,573,5.3292,6,17.088
appointment_create,4,d662f2d72c9b4197a5ec8f55abb0ca26,201,20.630999,573,5.5457,6,15.085299
appointment_create,5,917fd9a1a5424668bd7702a5cbf0dd07,201,20.4754,573,6.1559,6,14.319500000000001
appointment_create,6,afaa6cdbbeaf4471a10119e2d8e8572a,201,23.09,573,5.9483,6,17.1417
appointment_create,7,2379085922ad4f469ab7ebec75e077ab,201,21.206999,573,5.913899,6,15.293099999999999
appointment_create,8,0c3537a209b9455681aa9ea5aaf4376f,201,20.5882,573,5.733,6,14.8552
appointment_create,9,68039898eace4f6c8310117d96209700,201,21.6846,573,5.2263,6,16.4583
appointment_create,10,332e8bdc27ad4e2da057d153c526bfac,201,19.206099,573,6.0737,6,13.132399
appointment_create,11,77722c2a859944daa710a27c4197dcae,201,22.0838,573,5.2639,6,16.8199
appointment_create,12,964221a05abc45b5aa1a76d67e63f5fa,201,21.8875,573,5.8991,6,15.988399999999999
appointment_create,13,55aa65a5408a42c3a2544e8611511353,201,20.283899,573,6.602699,6,13.6812
appointment_create,14,88fad18d6f8d4bc3bdfb6219c914f4f7,201,18.6232,573,5.2105,6,13.412700000000001
appointment_create,15,4d95a05035444342aebae5108299e64d,201,24.2489,573,5.554,6,18.694899999999997
appointment_create,16,4d4edf9b352f4db0b3744561ddf78090,201,20.081599,573,5.214899,6,14.866700000000002
appointment_create,17,3ee5caabe6494769adaabed19f966170,201,20.1662,573,5.0228,6,15.1434
appointment_create,18,fa9fe3ee88cc4092b5a7d7f54eb15017,201,21.774,573,5.0604,6,16.7136
appointment_create,19,048472edc22541ccb7359360b2c80c09,201,19.316999,573,5.412499,6,13.904499999999999
appointment_create,20,85c3b1481ea847aab2e1ab26a9d7bf16,201,22.3599,573,5.9499,6,16.41
appointment_create,21,2607dc92eeda4a8c9deb6b30a347582c,201,22.0007,573,4.9821,6,17.0186
appointment_create,22,15b2aca62bc243bd919f7c2d13a36687,201,20.542499,573,6.159799,6,14.3827
appointment_create,23,3b7730ee1567413e974c38ff87452b65,201,20.7518,573,5.3723,6,15.3795
appointment_create,24,fdfed9eb83a347049410c9e4c1abc4be,201,22.4308,573,5.6724,6,16.7584
appointment_create,25,958bc5776e444b5ebcc38b109aafc39a,201,19.403499,573,5.5251,6,13.878399
appointment_create,26,ef16145358d9468a90e117bfa6fab629,201,20.9147,573,6.5191,6,14.3956
appointment_create,27,c45779bcd54b43c1b48ba53b8d41fd29,201,20.6408,573,5.5064,6,15.1344
appointment_create,28,04fda9c626e3435fa62ddbaf01d5ea5d,201,20.517999,573,5.2173,6,15.300699
appointment_create,29,e90b0b9518024df4bbfc82b13ff723c8,201,21.197,573,6.8889,6,14.3081
appointment_create,30,0f467fa48a0b4bb9a47e2a5955690186,201,17.913,573,4.4775,6,13.435500000000001
summary,1,879ecb52f3cf4e8fb2baade734325719,200,16.8893,1450,3.4751,4,13.4142
summary,2,8920c12131174f0f918630dd00a0b9de,200,17.500099,1450,4.3947,4,13.105398999999998
summary,3,b2180ec7928440478f95c47e4fe3aaac,200,16.8322,1450,3.7783,4,13.0539
summary,4,85877ae616534612ac5cde963478b6f6,200,16.0192,1450,3.2182,4,12.801000000000002
summary,5,49a9348bc22841daae34211c1ce352e9,200,15.9392,1450,3.4461,4,12.4931
summary,6,aa2558acb244413f9001692c3c631643,200,14.5412,1450,2.8233,4,11.7179
summary,7,e9f267aa9ab84e0ebcb5772227edccbb,200,16.005099,1450,3.212699,4,12.7924
summary,8,e7a98e89ca124582b4c8a0413664f900,200,13.4308,1450,3.0102,4,10.4206
summary,9,2853442020f64aa0a6f9d847eb204a6a,200,15.8111,1450,3.9162,4,11.8949
summary,10,f6053d9ce9094151901cb770d1962643,200,15.9705,1450,5.1101,4,10.860399999999998
summary,11,670145a9a51f4e809727da9200c257a3,200,14.9785,1450,2.8884,4,12.0901
summary,12,4d1af248d08b411ebcc13851041e24c9,200,15.417199,1450,3.4496,4,11.967599
summary,13,96799dbf66f34de68da21d8a0c38ca0a,200,15.1499,1450,3.3514,4,11.7985
summary,14,0599ecbfba1d41c7ad656d451fb463cb,200,15.829,1450,3.8976,4,11.9314
summary,15,d8f63236029549c09f4df24273966147,200,15.9546,1450,4.286,4,11.6686
summary,16,6ccc8ac23cf4493e8c5d100fc507bb06,200,16.8251,1450,4.3236,4,12.5015
summary,17,bd7b103e10374004831fdf1d6d308727,200,16.28,1450,3.7338,4,12.5462
summary,18,dee17c90f4314b64a8b2d758ffa864de,200,15.300899,1450,3.1649,4,12.135999
summary,19,2615825baf684173b5b1e31fb9a9fac2,200,15.8299,1450,3.2317,4,12.5982
summary,20,2404751658ca4129b05c47a4707d8fed,200,16.5306,1450,3.9756,4,12.555
summary,21,cbc88b4799104531901e3aaa4973c865,200,15.9869,1450,3.1195,4,12.8674
summary,22,546ec2622c3f40a7b37bd2e7c7604ccd,200,15.6975,1450,3.0875,4,12.61
summary,23,867c09c4b22c400ab0ee378026c31cdc,200,14.959599,1450,3.075499,4,11.8841
summary,24,4e73f3e4f46b4f598c013486ca205c72,200,13.7161,1450,2.859,4,10.8571
summary,25,1c506cba9b1d4d15b70d466382c84321,200,15.7728,1450,3.4708,4,12.302
summary,26,2407a1030f354fb0b910810afcf6fb6b,200,16.186701,1450,3.6393,4,12.547400999999999
summary,27,bae2e8e791e246df8f270de13ffb66ea,200,15.9369,1450,3.4295,4,12.5074
summary,28,a4e7cc24946d4ddaa7a66e815e27af48,200,15.835,1450,3.8694,4,11.9656
summary,29,0d7fc47384f8492d949d9aaf863d56a5,200,16.216,1450,3.9825,4,12.233500000000001
summary,30,196c4493f09449a1a47c8f8be5b84147,200,16.8965,1450,4.9989,4,11.8976
