operation,repeats,p50_ms,p95_ms,max_ms,http_total_ms,db_total_ms,db_query_count,db_query_count_min,db_query_count_max,app_or_other_ms
login,30,59.5317375,62.978182,68.599485,60.26399703333333,,,,,
logout,30,5.436049,7.133058449999998,8.387898,5.5292455,,,,,
services,30,5.155548,6.938178549999999,7.833998,5.305738833333334,,,,,
specialists,30,7.898548,9.302437999999999,9.948798,8.076428233333333,,,,,
free_slots,30,398.444246,475.66696219999983,524.489029,396.0470736666667,,,,,
appointments_list,30,202.2074345,292.35501099999993,312.163254,208.5086143,,,,,
appointment_detail,30,8.668101,13.536797449999998,14.587203,9.274418266666666,,,,,
appointment_create,30,39.953756999999996,55.86075954999998,83.063814,41.044373633333336,,,,,
appointment_cancel,30,17.939053,23.683293999999997,24.834304,18.020609666666665,,,,,
summary,30,2409.6635015,3323.6613103,3502.872617,2505.838477566667,,,,,
